{"cameraMode":{"drawMode":0,"name":"Shaded","section":"Shading Mode"},"sceneLighting":true,"audioPlay":false,"sceneViewState":{"m_AlwaysRefresh":false,"showFog":true,"showSkybox":true,"showFlares":true,"showImageEffects":true,"showParticleSystems":true,"showVisualEffectGraphs":true,"m_FxEnabled":true},"in2DMode":false,"pivot":{"x":0.25809311866760256,"y":3.76895809173584,"z":-4.1086578369140629},"rotation":{"x":-0.23848988115787507,"y":0.10985613614320755,"z":-0.027162868529558183,"w":-0.9645326137542725},"size":5.121546745300293,"orthographic":true}